                  epoch,         train/box_loss,         train/cls_loss,         train/dfl_loss,   metrics/precision(B),      metrics/recall(B),       metrics/mAP50(B),    metrics/mAP50-95(B),           val/box_loss,           val/cls_loss,           val/dfl_loss,                 lr/pg0,                 lr/pg1,                 lr/pg2
                      1,                0.67001,                 1.1568,                 1.0099,                 0.9517,                0.93023,                0.96867,                0.86032,                0.48503,                 0.3505,                0.89208,               0.070119,              0.0033201,              0.0033201
                      2,                0.49563,                0.40826,                0.90961,                0.93446,                0.95602,                0.97228,                0.86917,                0.48093,                 0.3191,                0.87994,               0.038802,              0.0053361,              0.0053361
                      3,                0.47564,                0.36075,                0.89297,                0.96125,                0.94371,                0.97475,                0.87477,                 0.4587,                 0.3052,                0.87598,              0.0061643,               0.006032,               0.006032
                      4,                0.44945,                0.33653,                0.88226,                0.96135,                0.94907,                0.97877,                0.88072,                 0.4452,                0.29103,                0.86329,                0.00406,                0.00406,                0.00406
                      5,                0.43057,                0.31546,                0.86987,                0.96479,                0.95171,                0.97736,                0.88374,                0.43313,                0.28184,                0.86024,                0.00208,                0.00208,                0.00208
